,mean_fit_time,std_fit_time,mean_score_time,std_score_time,param_encoded_size,param_lr,param_n_comp,params,split0_test_score,split1_test_score,split2_test_score,mean_test_score,std_test_score,rank_test_score
0,15.00590976079305,5.670074591679297,0.5909112294514974,0.18409142696416317,64,0.001,256,"{'encoded_size': 64, 'lr': 0.001, 'n_comp': 256}",0.9532,0.9382,0.943,0.9448,0.00625459830844477,2
1,6.5427266756693525,0.7198025073072571,0.4393755594889323,0.0826001620941336,64,0.001,512,"{'encoded_size': 64, 'lr': 0.001, 'n_comp': 512}",0.9528,0.935,0.9314,0.9397333333333333,0.00935568751556445,4
2,7.160057306289673,0.661276973460394,0.5208906332651774,0.0925061843569347,64,0.0005,256,"{'encoded_size': 64, 'lr': 0.0005, 'n_comp': 256}",0.9394,0.9348,0.9284,0.9342,0.004510727953076608,7
3,6.62724240620931,1.2524740095629467,0.38846556345621747,0.010169087715513028,64,0.0005,512,"{'encoded_size': 64, 'lr': 0.0005, 'n_comp': 512}",0.949,0.933,0.9252,0.9357333333333333,0.009906675639296038,5
4,8.786640087763468,2.4736847715990513,0.5680228074391683,0.2509842833153855,128,0.001,256,"{'encoded_size': 128, 'lr': 0.001, 'n_comp': 256}",0.9516,0.947,0.941,0.9465333333333333,0.0043399948796693,1
5,9.066701491673788,2.467088802544736,0.4135463237762451,0.015143169093987885,128,0.001,512,"{'encoded_size': 128, 'lr': 0.001, 'n_comp': 512}",0.9484,0.9414,0.938,0.9426,0.0043297421016345655,3
6,6.451332171758016,0.8790993292353788,0.3920619487762451,0.008989821732902956,128,0.0005,256,"{'encoded_size': 128, 'lr': 0.0005, 'n_comp': 256}",0.9406,0.9332,0.9302,0.9346666666666668,0.004370608907488987,6
7,7.195698022842407,1.085881893285908,0.38615671793619794,0.013391046530488376,128,0.0005,512,"{'encoded_size': 128, 'lr': 0.0005, 'n_comp': 512}",0.941,0.928,0.9284,0.9324666666666667,0.006036187170354736,8
